1917,Dawn,/poetsorg/poem/dawn-2,John Gould Fletcher,Cities
2017,Daily Conscription ,/poetsorg/poem/daily-conscription,Kyle Dargan,Cities
1920,Recuerdo,/poetsorg/poem/recuerdo-0,Edna St. Vincent Millay,Cities
1917,"[Immortal?... No,]",/poetsorg/poem/immortal-no,F. S. Flint,Cities
2017,from “The Last Bohemian of Avenue A”,/poetsorg/poem/last-bohemian-avenue,Yusef Komunyakaa,Cities
2009,The City Outside My Ear,/poetsorg/poem/city-outside-my-ear,Michael Luis Medrano,Cities
1922,On Broadway ,/poetsorg/poem/broadway-0,Claude McKay,Cities
1917,"[London, my beautiful]",/poetsorg/poem/london-my-beautiful,F. S. Flint,Cities
1919,Solitare,/poetsorg/poem/solitare,Amy Lowell,Cities
2017,In the City,/poetsorg/poem/city-2,Chen Chen,Cities
2017,Waiting for the Light,/poetsorg/poem/waiting-light,Alicia Ostriker,Cities
2016,American Ready Cut System Houses,/poetsorg/poem/american-ready-cut-system-houses,Heather Derr-Smith,Cities
2016,Ducks Sat,/poetsorg/poem/ducks-sat,Michele Glazer,Cities
2005,City Moon,/poetsorg/poem/city-moon,Francisco Aragón,Cities
1999,Classic Ballroom Dances,/poetsorg/poem/classic-ballroom-dances,Charles Simic,Cities
2017,Change of Address,/poetsorg/poem/change-address,Deborah Paredez,Cities
2016,this sad little enclave of horses,/poetsorg/poem/sad-little-enclave-horses,Julian Talamantez Brolaski,Cities
2016,Exchange,/poetsorg/poem/exchange,Rae Armantrout,Cities
2016,From Third Avenue On ,/poetsorg/poem/third-avenue,Djuna Barnes,Cities
2013,To the Fig Tree on 9th and Christian,/poetsorg/poem/fig-tree-9th-and-christian,Ross Gay,Cities
2016,"August Morning, Upper Broadway",/poetsorg/poem/august-morning-upper-broadway,Alicia Ostriker,Cities
2014,Blast,/poetsorg/poem/blast,Marie-Elizabeth Mali,Cities
2008,Manchild,/poetsorg/poem/manchild,Cornelius Eady,Cities
1855,To a Stranger,/poetsorg/poem/to-a-stranger,Walt Whitman,Cities
1918,The Ghetto,/poetsorg/poem/ghetto,Lola Ridge,Cities
2013,[ a subway ride ],/poetsorg/poem/subway-ride,Joseph O. Legaspi,Cities
2014,Solstice in Llasa,/poetsorg/poem/solstice-llasa,Wang Ping,Cities
2014,Faith,/poetsorg/poem/faith,Tim Seibles,Cities
1918,Bowery Afternoon,/poetsorg/poem/bowery-afternoon,Lola Ridge,Cities
2015,Death and the City,/poetsorg/poem/death-and-city,Rowan Ricardo Phillips,Cities
2015,from “You Are in Nearly Every Future”,/poetsorg/poem/%E2%80%9Cyou-are-nearly-every-future%E2%80%9D,Noah Falck,Cities
2015,"Gwendolyn Brooks Park, Topeka",/poetsorg/poem/gwendolyn-brooks-park-topeka,Ed Skoog,Cities
2015,Realtor,/poetsorg/poem/realtor,Randall Mann,Cities
2014,Voir Dire,/poetsorg/poem/voir-dire-0,Justin Marks,Cities
2014,Mouth Full of Grounds,/poetsorg/poem/mouth-full-grounds,Justin Marks,Cities
2015,In Defense of Melancholy,/poetsorg/poem/defense-melancholy,Pablo Medina,Cities
2015,Stammering translated sonnet in which the poet sends the rains of Havana to her love in New York,/poetsorg/poem/stammering-translated-sonnet-which-poet-sends-rains-havana-her-love-new-york,Suzanne Gardinier,Cities
2015,Long as a Quart of Milk,/poetsorg/poem/long-quart-milk,Kevin Pilkington ,Cities
2014,We Used to Have Parties,/poetsorg/poem/we-used-have-parties,Justin Marks,Cities
2003,Poem to the Detroit River,/poetsorg/poem/poem-detroit-river,Terry Wolverton,Cities
2015,gotham in arrears,/poetsorg/poem/gotham-arrears,Julian Talamantez Brolaski,Cities
2015,I Am Alive in Los Angeles!,/poetsorg/poem/i-am-alive-los-angeles,Mike Sonksen,Cities
2015,Location LA,/poetsorg/poem/location-la,Martha Ronk,Cities
2014,our happiness ,/poetsorg/poem/our-happiness,Eileen Myles,Cities
2014,Blackbottom,/poetsorg/poem/blackbottom,Toi Derricotte,Cities
2008,Lost in Los (Angeles),/poetsorg/poem/lost-los-angeles,Marisela Norte,Cities
2015,Sunset Park,/poetsorg/poem/sunset-park,Patrick Phillips,Cities
2015,Song of the City at Night,/poetsorg/poem/song-city-night,Carol Frost,Cities
2014,Problem-Not-Solving,/poetsorg/poem/problem-not-solving,Anne Waldman,Cities
2013,What's Left (Al-Mutanabbi Street),/poetsorg/poem/whats-left-al-mutanabbi-street,Katrina Roberts,Cities
2013,Tale of Two Cities,/poetsorg/poem/tale-two-cities,Mark Jarman,Cities
2013,Move to the City,/poetsorg/poem/move-city,Nathaniel Bellows,Cities
2013,French Kissing,/poetsorg/poem/french-kissing,Gregory Sherl,Cities
2012,"to have been, instead",/poetsorg/poem/have-been-instead,Stephen Motika,Cities
2011,playing with fire,/poetsorg/poem/playing-fire,Evie Shockley,Cities
2013,The Barcelona Inside Me,/poetsorg/poem/barcelona-inside-me,Robin Becker,Cities
2013,Pittsburgh,/poetsorg/poem/pittsburgh,James Allen Hall,Cities
2012,Pedagogy and Performance,/poetsorg/poem/pedagogy-and-performance,Mark Bibbins,Cities
2012,(Soma)tic 1: Anoint Thyself,/poetsorg/poem/somatic-1-anoint-thyself,,Cities
2011,"The Hills, 5",/poetsorg/poem/hills-5,Kate Durbin,Cities
2010,Sharks in the Rivers,/poetsorg/poem/sharks-rivers,Ada Limón,Cities
2010,Kissing Stieglitz Good-Bye,/poetsorg/poem/kissing-stieglitz-good-bye,Gerald Stern,Cities
2009,How Simile Works,/poetsorg/poem/how-simile-works,Albert Goldbarth,Cities
2005,Sharks' Teeth,/poetsorg/poem/sharks-teeth,Kay Ryan,Cities
2004,In Paris,/poetsorg/poem/paris,Carl Dennis,Cities
2010,Mean Free Path [excerpt],/poetsorg/poem/mean-free-path-excerpt,Ben Lerner,Cities
2009,We Address,/poetsorg/poem/we-address,Norma Cole,Cities
2007,Atlantic City Sunday Morning,/poetsorg/poem/atlantic-city-sunday-morning,Gregory Pardlo,Cities
2005,Still Another Day: XVII/Men,/poetsorg/poem/still-another-day-xviimen,Pablo Neruda,Cities
2003,"With My Back to City Hall, On Yom Kippur",/poetsorg/poem/my-back-city-hall-yom-kippur,Jordan Davis,Cities
2003,It Was Going on Five in the Morning,/poetsorg/poem/it-was-going-five-morning,André Breton,Cities
1998,The Cities Inside Us,/poetsorg/poem/cities-inside-us,Alberto Ríos,Cities
1988,For the Poem Paterson [3. St. Valentine],/poetsorg/poem/poem-paterson-3-st-valentine,William Carlos Williams,Cities
1986,The Chicago Poem,/poetsorg/poem/chicago-poem,Jerome Rothenberg,Cities
1980,The City,/poetsorg/poem/city-0,C. P. Cavafy,Cities
2002,He Dreams of Falling,/poetsorg/poem/he-dreams-falling,Ruth Ellen Kocher,Cities
1996,Haircut,/poetsorg/poem/haircut,Elizabeth Alexander,Cities
1986,The City Limits,/poetsorg/poem/city-limits,A. R. Ammons,Cities
1984,This City,/poetsorg/poem/city,Liam Rector,Cities
1974,And the City Stood in its Brightness (audio only),/poetsorg/poem/and-city-stood-its-brightness-audio-only,Czeslaw Milosz,Cities
1973,California Plush,/poetsorg/poem/california-plush,Frank Bidart,Cities
1922,Quai de la Tournelle,/poetsorg/poem/quai-de-la-tournelle,John Dos Passos ,Cities
1920,Scandal,/poetsorg/poem/scandal,Lola Ridge,Cities
1917,Morning at the Window,/poetsorg/poem/morning-window,T. S. Eliot,Cities
1916,Images,/poetsorg/poem/images,Richard Aldington,Cities
1926,In a Station of the Metro,/poetsorg/poem/station-metro,Ezra Pound,Cities
1922,The City's Love,/poetsorg/poem/citys-love,Claude McKay,Cities
1918,Prayers of Steel,/poetsorg/poem/prayers-steel,Carl Sandburg,Cities
1917,From a Bridge Car,/poetsorg/poem/bridge-car,Elias Lieberman,Cities
1913,Block City,/poetsorg/poem/block-city,Robert Louis Stevenson,Cities
1888,City Visions ,/poetsorg/poem/city-visions,Emma Lazarus,Cities
,Paris,/poetsorg/poem/paris-0,Willa Cather,Cities
1807,"Composed Upon Westminster Bridge, September 3, 1802",/poetsorg/poem/composed-upon-westminster-bridge-september-3-1802,William Wordsworth,Cities
2015,Summer Solstice,/poetsorg/poem/summer-solstice,Rose  Styron,Love
2017,Exhibit 1,/poetsorg/poem/exhibit-1,Susan Barba,Love
1840,Wedding Bells,/poetsorg/poem/wedding-bells,Eliza Cook,Love
2014,Once All the Hounds Had Been Called Home,/poetsorg/poem/once-all-hounds-had-been-called-home,Meg Day,Love
2017,Morning Voices,/poetsorg/poem/morning-voices,Ed Falco,Love
2017,What Seems Like Joy,/poetsorg/poem/what-seems-joy,Kaveh Akbar,Love
2017,Ways to Harm a Thing,/poetsorg/poem/ways-harm-thing,Kaveh Akbar,Love
2017,The Imprint,/poetsorg/poem/imprint,Jennifer Moxley,Love
2017,The Silver Thread,/poetsorg/poem/silver-thread,Afaa Michael Weaver,Love
2017,Praisesong,/poetsorg/poem/praisesong,Sarah Browning,Love
2017,Love Story,/poetsorg/poem/love-story,Marilyn Chin,Love
2017,Headwind,/poetsorg/poem/headwind,Amber Flora Thomas,Love
2017,"Poem Number Two on Bell’s Theorem, or The New Physicality of Long Distance Love",/poetsorg/poem/poem-number-two-bells-theorem-or-new-physicality-long-distance-love,June Jordan,Love
2017,from “Back on Earth”,/poetsorg/poem/back-earth,Brent Cunningham,Love
1848,Song,/poetsorg/poem/song-9,John Rollin Ridge,Love
2017,The moon rose over the bay. I had a lot of feelings.,/poetsorg/poem/moon-rose-over-bay-i-had-lot-feelings,Donika Kelly,Love
1917,At the Last,/poetsorg/poem/last-2,Witter Bynner,Love
2017,Poem for Haruko,/poetsorg/poem/poem-haruko,June Jordan,Love
2017,Of the Irresolubleness of Diamonds,/poetsorg/poem/irresolubleness-diamonds,Monica Ferrell,Love
1848,Song,/poetsorg/poem/song-10,John Rollin Ridge,Love
2017,[(symbol)’s really beautiful. When (symbol)’s standing in the trees],/poetsorg/poem/symbols-really-beautiful-when-symbols-standing-trees,Gabrielle Calvocoressi,Love
1996,6.3.96-6.4.96,/poetsorg/poem/6396-6496,June Jordan,Love
2017,What Dreams May Be,/poetsorg/poem/what-dreams-may-be,Charlene Fix,Love
2017,Staring into the Sun,/poetsorg/poem/staring-sun,Jennifer Grotz,Love
2017,"& even the black guy’s profile reads 'sorry, no black guys'",/poetsorg/poem/even-black-guys-profile-reads-sorry-no-black-guys,Danez Smith,Love
2017,After Hours,/poetsorg/poem/after-hours,Howard Altmann,Love
2017,Essay: On Love,/poetsorg/poem/essay-love,Ed Falco,Love
2017,Siberian,/poetsorg/poem/siberian,Jill Osier,Love
2017,May,/poetsorg/poem/may-0,Geoffrey G. O'Brien,Love
2017,[another poet],/poetsorg/poem/another-poet,,Love
2017,For You,/poetsorg/poem/you-0,Maureen N. McLane,Love
2017,Fledgling,/poetsorg/poem/fledgling,Traci Brimhall,Love
2001,The Great Tsunami,/poetsorg/poem/great-tsunami,Michele Wolf,Love
2008,"These Hands, These Roots",/poetsorg/poem/these-hands-these-roots,John Olivares Espinoza,Love
2017,love at the beginning,/poetsorg/poem/love-beginning,Andrés Montoya,Love
2017,Hunger,/poetsorg/poem/hunger-0,Kelli Russell Agodon,Love
2006,Valentine’s Afternoon,/poetsorg/poem/valentines-afternoon,Michael McFee,Love
2005,Late Bloomer,/poetsorg/poem/late-bloomer,Michele Wolf,Love
2017,Mistake,/poetsorg/poem/mistake,Heather Christle,Love
2017,Star Turn,/poetsorg/poem/star-turn,Graham Foust,Love
1917,Elegy,/poetsorg/poem/elegy-2,D. H. Lawrence,Love
1910,Vivien’s Song ,/poetsorg/poem/viviens-song,Alfred Lord Tennyson,Love
1914,A Lady,/poetsorg/poem/lady,Amy Lowell,Love
1916,Mystery,/poetsorg/poem/mystery-0,D. H. Lawrence,Love
1914,Δώρια,/poetsorg/poem/doria,Ezra Pound,Love
1920,To Love Impuissant,/poetsorg/poem/love-impuissant,Edna St. Vincent Millay,Love
2017,FaceTime,/poetsorg/poem/facetime,Clint Smith,Love
1916,A Winter's Tale,/poetsorg/poem/winters-tale,D. H. Lawrence,Love
1916,Vista,/poetsorg/poem/vista-0,Alfred Kreymborg,Love
2017,How Will I Address Him When He's Dead,/poetsorg/poem/how-will-i-address-him-when-hes-dead,Brian Phillip Whalen,Love
2017,[To find a kiss of yours],/poetsorg/poem/find-kiss-yours,Federico García Lorca,Love
1921,Demeter,/poetsorg/poem/demeter,H. D.,Love
1921,Simaetha,/poetsorg/poem/simaetha,H. D.,Love
1916,The Wild Common ,/poetsorg/poem/wild-common,D. H. Lawrence,Love
2017,Serenade ,/poetsorg/poem/serenade,Djuna Barnes,Love
2017,The Cliff Temple,/poetsorg/poem/cliff-temple,H. D.,Love
1916,Prisoners,/poetsorg/poem/prisoners,H. D.,Love
1916,The City is Peopled,/poetsorg/poem/city-peopled,H. D.,Love
2017,Socks,/poetsorg/poem/socks,Margaret Ross,Love
2017,Things Said To Be Ineffable,/poetsorg/poem/things-said-be-ineffable,Mark Yakich,Love
2015,picking flowers,/poetsorg/poem/picking-flowers,Nate Marshall,Love
2017,Daysleep,/poetsorg/poem/daysleep,Laura Kasischke,Love
2017,Gay Marriage Poem,/poetsorg/poem/gay-marriage-poem,Jenny Johnson ,Love
2017,All I Ever Wanted,/poetsorg/poem/all-i-ever-wanted,Katie Ford,Love
2017,Elsa Is Involved in a Clandestine Love Affair,/poetsorg/poem/elsa-involved-clandestine-love-affair,Angela Veronica Wong,Love
2017,Galaxy Love,/poetsorg/poem/galaxy-love,Gerald Stern,Love
2017,from Please Bury Me in This [I am not any closer...],/poetsorg/poem/please-bury-me-i-am-not-any-closer,Allison Benis White,Love
2017,"Love Elegy in the Chinese Garden, with Koi",/poetsorg/poem/love-elegy-chinese-garden-koi,Nathan McClain,Love
1862,A Triad,/poetsorg/poem/triad-0,Christina Rossetti,Love
2004,Heart to Heart,/poetsorg/poem/heart-heart,Rita Dove,Love
1997,Warscape with Lovers,/poetsorg/poem/warscape-lovers,Marilyn Krysl,Love
2017,Who Makes Love to Us After We Die ,/poetsorg/poem/who-makes-love-us-after-we-die,Diana Marie Delgado,Love
2016,San Sebastian,/poetsorg/poem/san-sebastian,Spencer Reece,Love
2016,Cattail History,/poetsorg/poem/cattail-history,Noah Warren,Love
1954,Re-Statement of Romance,/poetsorg/poem/re-statement-romance,Wallace Stevens,Love
1913,Love ,/poetsorg/poem/love-6,Rupert Brooke,Love
2017,"Songs to Joannes, V",/poetsorg/poem/songs-joannes-v,Mina Loy,Love
2016,Granadilla ,/poetsorg/poem/granadilla,Amy Lowell,Love
2016,Love Poem,/poetsorg/poem/love-poem-3,Susan Wheeler,Love
1996,Battery,/poetsorg/poem/battery,Anne Waldman,Love
2016,Love Songs (section III) ,/poetsorg/poem/love-songs-section-iii,Mina Loy,Love
2011,Bringing the Shovel Down,/poetsorg/poem/bringing-shovel-down,Ross Gay,Love
2016,The Symbolical Head (1883) as When Was the Last Time?,/poetsorg/poem/symbolical-head-1883-when-was-last-time,Kathryn Nuernberger ,Love
2016,Senior Discount,/poetsorg/poem/senior-discount,Ali Liebegott,Love
2016,The Cold Heaven ,/poetsorg/poem/cold-heaven,W. B. Yeats,Love
1913,Coldness in Love ,/poetsorg/poem/coldness-love-0,D. H. Lawrence,Love
2016,Astronomers Locate a New Planet,/poetsorg/poem/astronomers-locate-new-planet,Matthew Olzmann,Love
2005,Lunch Break,/poetsorg/poem/lunch-break,Francisco Aragón,Love
2012,The Dance,/poetsorg/poem/dance-0,Wendell Berry,Love
2015,The Pont Mirabeau,/poetsorg/poem/pont-mirabeau,Ron Padgett,Love
1848,Modern Love ,/poetsorg/poem/modern-love,John Keats,Love
2016,Blessings,/poetsorg/poem/blessings,Jay Parini,Love
2016,Black Storm Days,/poetsorg/poem/black-storm-days,Joshua Edwards,Love
1993,"[Body of a woman, white hills, white thighs]",/poetsorg/poem/body-woman-white-hills-white-thighs,Pablo Neruda,Love
1998,Scaffolding,/poetsorg/poem/scaffolding,Seamus Heaney,Love
2016,The Way One Animal Trusts Another ,/poetsorg/poem/way-one-animal-trusts-another,Carl Phillips,Love
2003,Resignation,/poetsorg/poem/resignation,Nikki Giovanni,Love
2015,American Pharoah,/poetsorg/poem/american-pharoah,Ada Limón,Love
,1 Corinthians 13:4–7,/poetsorg/poem/1-corinthians-134%E2%80%937,,Love
1914,"[Again and again, even though we know love’s landscape]",/poetsorg/poem/again-and-again-even-though-we-know-love%E2%80%99s-landscape,Rainer Maria Rilke,Love
1924,Untitled [Do you still remember: falling stars],/poetsorg/poem/untitled-do-you-still-remember-falling-stars,Rainer Maria Rilke,Love
1865,I Hid My Love,/poetsorg/poem/i-hid-my-love,John Clare,Love
1978,Twenty-One Love Poems [Poem III],/poetsorg/poem/twenty-one-love-poems-poem-iii,Adrienne Rich,Love
1986,On Marriage,/poetsorg/poem/marriage-0,Marilyn Hacker,Love
1999,A Great Need,/poetsorg/poem/great-need,,Love
2016,Mind-Body Problem ,/poetsorg/poem/mind-body-problem,Wayne Miller,Love
1942,Tin Wedding Whistle,/poetsorg/poem/tin-wedding-whistle,Ogden Nash,Love
2016,Causing an Accident ,/poetsorg/poem/causing-accident,Sarah Bartlett,Love
1989,Happenstance,/poetsorg/poem/happenstance,Rita Dove,Love
1999,This Union,/poetsorg/poem/union,,Love
2012,Their Secret Was,/poetsorg/poem/their-secret-was,Jalal al-Din Rumi,Love
1889,Now,/poetsorg/poem/now-0,Robert Browning,Love
1892,"We Two, How Long We Were Fool'd",/poetsorg/poem/we-two-how-long-we-were-foold,Walt Whitman,Love
2008,Falling,/poetsorg/poem/falling-0,Patrick Phillips,Love
2015,Golden Anniversary,/poetsorg/poem/golden-anniversary,Wislawa Szymborska,Love
2016,After You Have Vanished,/poetsorg/poem/after-you-have-vanished,Kevin Prufer,Love
1870,Marriage Morning,/poetsorg/poem/marriage-morning,Alfred Lord Tennyson,Love
2015,Love at First Sight,/poetsorg/poem/love-first-sight,Wislawa Szymborska,Love
1999,My Lover Is a Woman,/poetsorg/poem/my-lover-woman,Pat Parker,Love
1962,Love Comes Quietly,/poetsorg/poem/love-comes-quietly,Robert Creeley,Love
1987,Habitation,/poetsorg/poem/habitation,Margaret Atwood,Love
2016,Here,/poetsorg/poem/here-1,Kim Addonizio,Love
1914,To E,/poetsorg/poem/e,Sara Teasdale,Love
2013,Our House,/poetsorg/poem/our-house,Sophie Cabot Black,Love
2013,Love Poem,/poetsorg/poem/love-poem-1,Sophie Cabot Black,Love
2015,O Esperanza!,/poetsorg/poem/o-esperanza,Catherine Barnett,Love
2015,Redbone Dances,/poetsorg/poem/redbone-dances,Mahogany L. Browne,Love
2016,Ditty,/poetsorg/poem/ditty-0,Kevin Young,Love
2016,Poem to First Love,/poetsorg/poem/poem-first-love,Matthew Yeager,Love
2013,[ a subway ride ],/poetsorg/poem/subway-ride,Joseph O. Legaspi,Love
2014,V-Neck T-Shirt Sonnet,/poetsorg/poem/v-neck-t-shirt-sonnet,Joseph O. Legaspi,Love
1855,To a Stranger,/poetsorg/poem/to-a-stranger,Walt Whitman,Love
1609,"Like as, to make our appetite more keen (Sonnet 118)",/poetsorg/poem/make-our-appetite-more-keen-sonnet-118,William Shakespeare,Love
1604,"Othello, Act III, Scene III [O, beware, my lord, of jealousy]",/poetsorg/poem/othello-act-iii-scene-iii-o-beware-my-lord-jealousy,William Shakespeare,Love
2015,Where You Live,/poetsorg/poem/where-you-live,Jonathan Wells,Love
2014,Dark-sky Society,/poetsorg/poem/dark-sky-society,Ailish Hopper,Love
1609,When my love swears that she is made of truth (Sonnet 138),/poetsorg/poem/when-my-love-swears-she-made-truth-sonnet-138,William Shakespeare,Love
1609,"O thou, my lovely boy, who in thy power (Sonnet 126)",/poetsorg/poem/o-thou-my-lovely-boy-who-thy-power-sonnet-126,William Shakespeare,Love
1918,North Wind,/poetsorg/poem/north-wind,Lola Ridge,Love
2015,"For love,",/poetsorg/poem/love-5,Jean Valentine,Love
2009,from Bharat jiva [the day shifts...],/poetsorg/poem/bharat-jiva-day-shifts,kari edwards,Love
2016,The Heart Is a Foreign Country ,/poetsorg/poem/heart-foreign-country,Rangi McNeil,Love
2016,Accidental Blues Voice,/poetsorg/poem/accidental-blues-voice,Anna Journey,Love
2016,Brewerytown,/poetsorg/poem/brewerytown,Iain Haley Pollock,Love
2016,Of Shock ,/poetsorg/poem/shock,Nicole Cooley,Love
1917,The Awakening ,/poetsorg/poem/awakening,James Weldon Johnson,Love
1855,Love in a Life ,/poetsorg/poem/love-life-0,Robert Browning,Love
1881,At Last,/poetsorg/poem/last-1,Christina Rossetti,Love
1844,Love,/poetsorg/poem/love-4,James Russell Lowell,Love
2015,Little Box,/poetsorg/poem/little-box,Marilyn Nelson,Love
2015,Miracle in the Collection Plate,/poetsorg/poem/miracle-collection-plate,Marilyn Nelson,Love
2015,Summer,/poetsorg/poem/summer-3,Robin Coste Lewis,Love
2013,Largo,/poetsorg/poem/largo,Brian Teare,Love
2013,Atlas Peak (audio only),/poetsorg/poem/atlas-peak-audio-only,Brian Teare,Love
1918, My Light with Yours,/poetsorg/poem/my-light-yours,Edgar Lee Masters,Love
1878,Holidays,/poetsorg/poem/holidays,Henry Wadsworth Longfellow,Love
1915,This Much and More,/poetsorg/poem/much-and-more,Djuna Barnes,Love
2014,King County Metro,/poetsorg/poem/king-county-metro,Geffrey Davis,Love
2015,I Am Alive in Los Angeles!,/poetsorg/poem/i-am-alive-los-angeles,Mike Sonksen,Love
2015,Love’s Body,/poetsorg/poem/love%E2%80%99s-body,Jonathan Wells,Love
2015,Birthday,/poetsorg/poem/birthday-1,Richie Hofmann,Love
2014,In the dark we crush,/poetsorg/poem/dark-we-crush,Julia Cohen,Love
2014,Everything That Happens Can Be Called Aging,/poetsorg/poem/everything-happens-can-be-called-aging,Carl Adamshick,Love
1909,Love,/poetsorg/poem/love-3,William Carlos Williams,Love
2014,"from ""The Princess""",/poetsorg/poem/princess,Alfred Lord Tennyson,Love
2015,October Song,/poetsorg/poem/october-song,Marilyn Chin,Love
2014,All Us Beautiful Monsters,/poetsorg/poem/all-us-beautiful-monsters,Alex Lemon,Love
2014,Song Out Here,/poetsorg/poem/song-out-here,Juan Felipe Herrera,Love
1917,If You Should Tire of Loving Me,/poetsorg/poem/if-you-should-tire-loving-me,Margaret Widdemer,Love
2014,Bound,/poetsorg/poem/bound,Aline Murray Kilmer,Love
2014,Compensation,/poetsorg/poem/compensation-0,Paul Laurence Dunbar,Love
2014,The Wall Hanging I Never Noticed,/poetsorg/poem/wall-hanging-i-never-noticed,Dorothea Lasky,Love
2014,Verge,/poetsorg/poem/verge,Mark Doty,Love
2014,Making It Up as You Go Along,/poetsorg/poem/making-it-you-go-along,Bin Ramke,Love
2014,Daytime Begins with a Line by Anna Akhmatova,/poetsorg/poem/daytime-begins-line-anna-akhmatova,Yusef Komunyakaa,Love
2014,How to Love,/poetsorg/poem/how-love,January Gill O'Neil,Love
2014,Life’s Ironies,/poetsorg/poem/life%E2%80%99s-ironies,Jane Miller,Love
1922,From the Telephone,/poetsorg/poem/telephone,Florence Ripley Mastin,Love
2014,Etta's Elegy,/poetsorg/poem/ettas-elegy,Maureen Seaton,Love
2014,Auld Lang Syne,/poetsorg/poem/auld-lang-syne-0,Jennifer L. Knox,Love
2014,The Long Hand Wishes It Was Used,/poetsorg/poem/long-hand-wishes-it-was-used,Jackie Clark,Love
2013,poem I wrote sitting across the table from you,/poetsorg/poem/poem-i-wrote-sitting-across-table-you,Kevin Varrone,Love
2013,What Is True,/poetsorg/poem/what-true,Ben Kopel,Love
2013,Whom You Love,/poetsorg/poem/whom-you-love,Joseph O. Legaspi,Love
2013,"Ode, Aubade",/poetsorg/poem/ode-aubade,Greg Wrenn,Love
2013,Wedding Night: We Share an Heirloom Tomato on Our Hotel Balcony Overlooking the Ocean in Which Natalie Wood Drowned,/poetsorg/poem/wedding-night-we-share-heirloom-tomato-our-hotel-balcony-overlooking-ocean-which,Anna Journey,Love
2013,an endnote and love song:,/poetsorg/poem/endnote-and-love-song,Erín Moure,Love
2013,My Lady Is Compared to a Young Tree,/poetsorg/poem/my-lady-compared-young-tree,Vachel Lindsay,Love
2013,April,/poetsorg/poem/april-2,Algernon Charles Swinburne,Love
2013,A Billet Doux,/poetsorg/poem/billet-doux,George Moses Horton,Love
2013,"A Sonnet from the Archive of Love's Failures, Volumes 1-3.5 Million",/poetsorg/poem/sonnet-archive-loves-failures-volumes-1-35-million,Anne Boyer,Love
2013,A Love,/poetsorg/poem/love-2,Lorenzo Calogero,Love
2012,A Ditty,/poetsorg/poem/ditty,Sir Philip Sidney,Love
2012,Self-Portrait as Letter Addressed to Self,/poetsorg/poem/self-portrait-letter-addressed-self,J. Michael Martinez,Love
2012,The Moon in Your Breath,/poetsorg/poem/moon-your-breath,Amy King,Love
2013,Everything Is Going To,/poetsorg/poem/everything-going,Chris Hosea,Love
2013,Variation on a Theme,/poetsorg/poem/variation-theme,W. S. Merwin,Love
2012,Black Glass Soliloquy,/poetsorg/poem/black-glass-soliloquy,Ben Mirov,Love
2012,To Last,/poetsorg/poem/last-0,D. A. Powell,Love
2012,Economy,/poetsorg/poem/economy,Sandra Beasley,Love
2012,La Pelona as Birdwoman [excerpt],/poetsorg/poem/la-pelona-birdwoman-excerpt,Rigoberto González,Love
2012,"Sweet Double, Talk-Talk [iv.]",/poetsorg/poem/sweet-double-talk-talk-iv,Catherine Barnett,Love
2012,The Other Side of the River,/poetsorg/poem/other-side-river,Xi Chuan,Love
2011,Elegy in Joy [excerpt],/poetsorg/poem/elegy-joy-excerpt,Muriel Rukeyser,Love
2011,Miss Sally on Love,/poetsorg/poem/miss-sally-love,Shara McCallum,Love
2012,Elegy for my husband,/poetsorg/poem/elegy-my-husband,Toi Derricotte,Love
2012,"Darling, You Are the World's Fresh Ornament",/poetsorg/poem/darling-you-are-worlds-fresh-ornament,Laura Cronk,Love
2011,Magnolia,/poetsorg/poem/magnolia,Gerald Stern,Love
2011,In a Beautiful Country,/poetsorg/poem/beautiful-country,Kevin Prufer,Love
2011,Dear Tiara,/poetsorg/poem/dear-tiara,Sean Thomas Dougherty,Love
2010,Provisional,/poetsorg/poem/provisional,Catherine Bowman,Love
2010,The Love-Hat Relationship,/poetsorg/poem/love-hat-relationship,Aaron Belz,Love
2010,All the Whiskey in Heaven,/poetsorg/poem/all-whiskey-heaven,Charles Bernstein,Love
2010,Magdalene Poem,/poetsorg/poem/magdalene-poem,John Taggart,Love
2010,If My Voice Is Not Reaching You,/poetsorg/poem/if-my-voice-not-reaching-you,Afzal Ahmed Syed,Love
2010,Health,/poetsorg/poem/health,Rafael Campo,Love
2010,Dead Straight,/poetsorg/poem/dead-straight,Olive Senior,Love
2010,Postcard to I. Kaminsky from a Dream at the Edge of the Sea,/poetsorg/poem/postcard-i-kaminsky-dream-edge-sea,Cecilia Woloch,Love
2010,Dependants,/poetsorg/poem/dependants,Paul Farley,Love
2010,Text Messages,/poetsorg/poem/text-messages,Jordan Davis,Love
2010,Completely Friday,/poetsorg/poem/completely-friday,Luis García Montero,Love
2010,My Heart,/poetsorg/poem/my-heart,Kim Addonizio,Love
2009,"from ""A Hemingway Reader"": The Sun Also Also Rises",/poetsorg/poem/hemingway-reader-sun-also-also-rises,Robert Fitterman,Love
2009,So as Not to Distort,/poetsorg/poem/so-not-distort,Hiromi Itō,Love
2009,The Ecstasy,/poetsorg/poem/ecstasy,Phillip Lopate,Love
2010,Hey You,/poetsorg/poem/hey-you,Adrian Blevins,Love
2009,True Love,/poetsorg/poem/true-love-0,Barry Gifford,Love
2009,The Ripple Effect,/poetsorg/poem/ripple-effect,Jamey Dunham,Love
2009,Snowball Journal,/poetsorg/poem/snowball-journal,Phillip Lopate,Love
2008,syntax,/poetsorg/poem/syntax-0,Maureen N. McLane,Love
2008,We Manage Most When We Manage Small,/poetsorg/poem/we-manage-most-when-we-manage-small,Linda Gregg,Love
2008,Craftsman of Wine Bowls,/poetsorg/poem/craftsman-wine-bowls,C. P. Cavafy,Love
2007,Curse of the Cat Woman,/poetsorg/poem/curse-cat-woman,Edward Field,Love
2004,Eleventh Brother,/poetsorg/poem/eleventh-brother,Jean Valentine,Love
2003,Yours,/poetsorg/poem/yours,Daniel Hoffman,Love
2008,First Light Edging Cirrus,/poetsorg/poem/first-light-edging-cirrus,Jane Hirshfield,Love
2007,The Kiss,/poetsorg/poem/kiss,Stephen Dunn,Love
2006,I Married You,/poetsorg/poem/i-married-you,Linda Pastan,Love
2004,To. . .,/poetsorg/poem/to,Rene Char,Love
2003,It Was Raining in Delft,/poetsorg/poem/it-was-raining-delft,Peter Gizzi,Love
2002,"What Was Told, That",/poetsorg/poem/what-was-told,Jalal al-Din Rumi,Love
2001,Tear It Down,/poetsorg/poem/tear-it-down,Jack Gilbert,Love
2001,Epithalamium,/poetsorg/poem/epithalamium,Matthew Rohrer,Love
2000,In Passing,/poetsorg/poem/passing-0,Stanley Plumly,Love
1998,The Embrace,/poetsorg/poem/embrace,Mark Doty,Love
2002,Couple Sharing a Peach,/poetsorg/poem/couple-sharing-peach,Molly Peacock,Love
2001,Credo,/poetsorg/poem/credo-0,Matthew Rohrer,Love
2001,Sonnets on Love XIII,/poetsorg/poem/sonnets-love-xiii,Jean de Sponde,Love
2000,To Dorothy,/poetsorg/poem/dorothy,Marvin Bell,Love
1996,In the Bathroom Mirror,/poetsorg/poem/bathroom-mirror,Ralph Burns,Love
1986,Proem,/poetsorg/poem/proem,Octavio Paz,Love
1982,Midwinter Day [Excerpt],/poetsorg/poem/midwinter-day-excerpt,Bernadette Mayer,Love
1966,Having a Coke with You,/poetsorg/poem/having-coke-you,Frank O'Hara,Love
1962,"Asphodel, That Greeny Flower [excerpt]",/poetsorg/poem/asphodel-greeny-flower-excerpt,William Carlos Williams,Love
1956,The River-Merchant's Wife: A Letter,/poetsorg/poem/river-merchants-wife-letter,Ezra Pound,Love
1985,True Love,/poetsorg/poem/true-love,Robert Penn Warren,Love
1975,Who Shall Doubt,/poetsorg/poem/who-shall-doubt,George Oppen,Love
1966,Those Winter Sundays,/poetsorg/poem/those-winter-sundays,Robert Hayden,Love
1958,A Book of Music,/poetsorg/poem/book-music,Jack Spicer,Love
1956,"What lips my lips have kissed, and where, and why (Sonnet XLIII)",/poetsorg/poem/what-lips-my-lips-have-kissed-and-where-and-why-sonnet-xliii,Edna St. Vincent Millay,Love
1951,I cannot live with You (640),/poetsorg/poem/i-cannot-live-you-640,Emily Dickinson,Love
1946,Poem [Your breath was shed],/poetsorg/poem/poem-your-breath-was-shed,Dylan Thomas,Love
1940,As I Walked Out One Evening,/poetsorg/poem/i-walked-out-one-evening,W. H. Auden,Love
1931,Modern Declaration,/poetsorg/poem/modern-declaration,Edna St. Vincent Millay,Love
1923,"somewhere i have never travelled,gladly beyond",/poetsorg/poem/somewhere-i-have-never-travelledgladly-beyond,E. E. Cummings,Love
1947,June Light,/poetsorg/poem/june-light,Richard Wilbur,Love
1940,Lullaby,/poetsorg/poem/lullaby-0,W. H. Auden,Love
1939,I see the boys of summer,/poetsorg/poem/i-see-boys-summer,Dylan Thomas,Love
1931,Hearing your words and not a word among them (Sonnet XXXVI),/poetsorg/poem/hearing-your-words-and-not-word-among-them-sonnet-xxxvi,Edna St. Vincent Millay,Love
1922,Ulysses [excerpt],/poetsorg/poem/ulysses-excerpt,James Joyce,Love
1922,I think I should have loved you presently (Sonnet IX),/poetsorg/poem/i-think-i-should-have-loved-you-presently-sonnet-ix,Edna St. Vincent Millay,Love
1921,You! Inez!,/poetsorg/poem/you-inez,Alice Dunbar-Nelson,Love
1921,Alms,/poetsorg/poem/alms,Edna St. Vincent Millay,Love
1920,"I shall forget you presently, my dear (Sonnet IV) ",/poetsorg/poem/i-shall-forget-you-presently-my-dear-sonnet-iv,Edna St. Vincent Millay,Love
1917,Charity,/poetsorg/poem/charity,Archibald MacLeish,Love
1922,Summer Morn in New Hampshire,/poetsorg/poem/summer-morn-new-hampshire,Claude McKay,Love
1921,The Desolate Field,/poetsorg/poem/desolate-field,William Carlos Williams,Love
1920,Morning Song,/poetsorg/poem/morning-song-1,Sara Teasdale,Love
1919,When You Are Old,/poetsorg/poem/when-you-are-old,W. B. Yeats,Love
1917,The Sea of Glass,/poetsorg/poem/sea-glass,Ezra Pound,Love
1917,The Dream,/poetsorg/poem/dream,Edna St. Vincent Millay,Love
1916,A Drinking Song,/poetsorg/poem/drinking-song,W. B. Yeats,Love
1916,Shirt,/poetsorg/poem/shirt-0,Carl Sandburg,Love
1914,The Giver of Stars,/poetsorg/poem/giver-stars,Amy Lowell,Love
1913,In the Evening,/poetsorg/poem/evening-1,Fenton Johnson,Love
1917,At the Piano,/poetsorg/poem/piano-0,Thomas Hardy,Love
1916,A Love Song,/poetsorg/poem/love-song,William Carlos Williams,Love
1915,Action Poem,/poetsorg/poem/action-poem,Helen Hoyt,Love
1914,I Hear an Army,/poetsorg/poem/i-hear-army,James Joyce,Love
1913,Bei Hennef,/poetsorg/poem/bei-hennef,D. H. Lawrence,Love
1912,To Helen About Her Hair,/poetsorg/poem/helen-about-her-hair,Robinson Jeffers,Love
1911,I Love You,/poetsorg/poem/i-love-you,Sara Teasdale,Love
1909,Modern Love: XXIII,/poetsorg/poem/modern-love-xxiii,George Meredith,Love
1909,Modern Love: IV,/poetsorg/poem/modern-love-iv,George Meredith,Love
1909,Modern Love: XIX,/poetsorg/poem/modern-love-xix,George Meredith,Love
1911,An Acrostic,/poetsorg/poem/acrostic,Edgar Allan Poe,Love
1909,Francesca,/poetsorg/poem/francesca,Ezra Pound,Love
1909,Modern Love: XV,/poetsorg/poem/modern-love-xv,George Meredith,Love
1909,Modern Love: XXVIII,/poetsorg/poem/modern-love-xxviii,George Meredith,Love
1909,Modern Love: IX,/poetsorg/poem/modern-love-ix,George Meredith,Love
1909,Modern Love: XXXII,/poetsorg/poem/modern-love-xxxii,George Meredith,Love
1909,Modern Love: XVI,/poetsorg/poem/modern-love-xvi,George Meredith,Love
1909,Modern Love: V,/poetsorg/poem/modern-love-v,George Meredith,Love
1909,Modern Love: XXI,/poetsorg/poem/modern-love-xxi,George Meredith,Love
1909,Modern Love: XXXVIII,/poetsorg/poem/modern-love-xxxviii,George Meredith,Love
1909,Modern Love: XXIV,/poetsorg/poem/modern-love-xxiv,George Meredith,Love
1909,El Beso,/poetsorg/poem/el-beso,Angelina Weld Grimké,Love
1909,Modern Love: XXIX,/poetsorg/poem/modern-love-xxix,George Meredith,Love
1909,Modern Love: X,/poetsorg/poem/modern-love-x,George Meredith,Love
1909,Modern Love: XXV,/poetsorg/poem/modern-love-xxv,George Meredith,Love
1909,Modern Love: XVII,/poetsorg/poem/modern-love-xvii,George Meredith,Love
1909,Modern Love: XXX,/poetsorg/poem/modern-love-xxx,George Meredith,Love
1909,Modern Love: XXII,/poetsorg/poem/modern-love-xxii,George Meredith,Love
1909,Modern Love: XXXIX,/poetsorg/poem/modern-love-xxxix,George Meredith,Love
1909,Modern Love: XXVI,/poetsorg/poem/modern-love-xxvi,George Meredith,Love
1909,Modern Love: VI,/poetsorg/poem/modern-love-vi,George Meredith,Love
1909,Modern Love: XXIII,/poetsorg/poem/modern-love-xxiii-0,George Meredith,Love
1909,Modern Love: XIV,/poetsorg/poem/modern-love-xiv,George Meredith,Love
1909,Modern Love: III,/poetsorg/poem/modern-love-iii,George Meredith,Love
1909,Modern Love: XVIII,/poetsorg/poem/modern-love-xviii,George Meredith,Love
1909,Modern Love: VII,/poetsorg/poem/modern-love-vii,George Meredith,Love
1905,With Music,/poetsorg/poem/music-0,Helen Hay Whitney,Love
1899,The Heart of the Woman,/poetsorg/poem/heart-woman-0,W. B. Yeats,Love
1896,"A Shropshire Lad, XXXVI",/poetsorg/poem/shropshire-lad-xxxvi,A. E. Housman,Love
1890,It's all I have to bring today (26),/poetsorg/poem/its-all-i-have-bring-today-26,Emily Dickinson,Love
1909,Modern Love: XXXI,/poetsorg/poem/modern-love-xxxi,George Meredith,Love
1904,Never give all the heart,/poetsorg/poem/never-give-all-heart,W. B. Yeats,Love
1896,Invitation to Love,/poetsorg/poem/invitation-love,Paul Laurence Dunbar,Love
1892,Two Loves,/poetsorg/poem/two-loves,Lord Alfred Douglas,Love
1886,January,/poetsorg/poem/january-2,Helen Hunt Jackson,Love
1861,Wild Nights—Wild Nights! (249),/poetsorg/poem/wild-nights-wild-nights-249,Emily Dickinson,Love
1850,How Do I Love Thee? (Sonnet 43),/poetsorg/poem/how-do-i-love-thee-sonnet-43,Elizabeth Barrett Browning,Love
1826,Love,/poetsorg/poem/love-0,Samuel Taylor Coleridge,Love
1817,Answer to a Child's Question,/poetsorg/poem/answer-childs-question,Samuel Taylor Coleridge,Love
1794,"A Red, Red Rose",/poetsorg/poem/red-red-rose,Robert Burns,Love
1855,Unfolded Out of the Folds,/poetsorg/poem/unfolded-out-folds,Walt Whitman,Love
2016,Eros ,/poetsorg/poem/eros,Ralph Waldo Emerson,Love
1819,"I cry your mercy—pity—love!—ay, love",/poetsorg/poem/i-cry-your-mercy%E2%80%94pity%E2%80%94love%E2%80%94ay-love,John Keats,Love
1815,She Walks in Beauty,/poetsorg/poem/she-walks-beauty,George Gordon Byron,Love
1742,The Busy-Man's Picture,/poetsorg/poem/busy-mans-picture,Benjamin Franklin,Love
1678,To My Dear and Loving Husband,/poetsorg/poem/my-dear-and-loving-husband,Anne Bradstreet,Love
1667,"Paradise Lost, Book IV, Lines 639–652",/poetsorg/poem/paradise-lost-book-iv-lines-639%E2%80%93652,John Milton,Love
1609,Shall I compare thee to a summer's day? (Sonnet 18),/poetsorg/poem/shall-i-compare-thee-summers-day-sonnet-18,William Shakespeare,Love
1609,My mistress' eyes are nothing like the sun (Sonnet 130),/poetsorg/poem/my-mistress-eyes-are-nothing-sun-sonnet-130,William Shakespeare,Love
1380,The Love Unfeigned,/poetsorg/poem/love-unfeigned,Geoffrey Chaucer,Love
1674,Dear Pretty Youth,/poetsorg/poem/dear-pretty-youth,Thomas Shadwell,Love
1648,Of Love: A Sonnet,/poetsorg/poem/love-sonnet,Robert Herrick,Love
1609,Let me not to the marriage of true minds (Sonnet 116),/poetsorg/poem/let-me-not-marriage-true-minds-sonnet-116,William Shakespeare,Love
1579,Shepheardes Calendar [October],/poetsorg/poem/shepheardes-calendar-october,Edmund Spenser,Love
1895,March,/poetsorg/poem/march,Elizabeth Drew Stoddard,Nature
1895,Autumn,/poetsorg/poem/autumn-7,Elizabeth Drew Stoddard,Nature
1840,A Song for Merry Harvest,/poetsorg/poem/song-merry-harvest,Eliza Cook,Nature
1840,Spring,/poetsorg/poem/spring-2,Eliza Cook,Nature
2017,For It Felt Like Power,/poetsorg/poem/it-felt-power,Carl Phillips,Nature
1895,November,/poetsorg/poem/november-1,Elizabeth Drew Stoddard,Nature
1895,A Summer Night,/poetsorg/poem/summer-night,Elizabeth Drew Stoddard,Nature
1840,The Christmas Holly,/poetsorg/poem/christmas-holly,Eliza Cook,Nature
2017,Babejianjisemigad/Gradual Transformation,/poetsorg/poem/babejianjisemigadgradual-transformation,Margaret Noodin,Nature
2014,Gidiskinaadaa Mitigwaakiing/Woodland Liberty,/poetsorg/poem/gidiskinaadaa-mitigwaakiingwoodland-liberty,Margaret Noodin,Nature
2017,The Silver Thread,/poetsorg/poem/silver-thread,Afaa Michael Weaver,Nature
1896,Merry Autumn,/poetsorg/poem/merry-autumn,Paul Laurence Dunbar,Nature
2017,Radial Scent,/poetsorg/poem/radial-scent,Sharon Wang,Nature
1868,Mount Shasta,/poetsorg/poem/mount-shasta,John Rollin Ridge,Nature
1900,A Prophecy: To George Keats in America,/poetsorg/poem/prophecy-george-keats-america,John Keats,Nature
2010,The Cliffs Above Oswald,/poetsorg/poem/cliffs-above-oswald,Jennifer L. Knox,Nature
2017,Epistemology,/poetsorg/poem/epistemology,Catherine Barnett,Nature
1899,Morning on Shinnecock,/poetsorg/poem/morning-shinnecock,Olivia Ward Bush-Banks,Nature
2017,"Self-Portrait, New City Replicant",/poetsorg/poem/self-portrait-new-city-replicant,Ching-In Chen,Nature
1918,October-November,/poetsorg/poem/october-november,Hart Crane,Nature
2016,Thirteen Ways of Looking at a Glacier (after Wallace Stevens),/poetsorg/poem/thirteen-ways-looking-glacier-after-wallace-stevens,Craig Santos Perez,Nature
2017,The Summer in Oklahoma,/poetsorg/poem/summer-oklahoma,Claudia Buckholts ,Nature
1903,While Loveliness Goes By,/poetsorg/poem/while-loveliness-goes,Anna Hempstead Branch,Nature
2017,Neptune.4,/poetsorg/poem/neptune4,,Nature
1917,God's World,/poetsorg/poem/gods-world-0,Edna St. Vincent Millay,Nature
2017,The Air of the Present,/poetsorg/poem/air-present,Robert Parham,Nature
2017,Star Field,/poetsorg/poem/star-field,Jill Osier,Nature
2017,The World,/poetsorg/poem/world-1,Jennifer Chang,Nature
1910,Autumn,/poetsorg/poem/autumn-6,Alexander Posey,Nature
1912,Conversion,/poetsorg/poem/conversion-0,T. E. Hulme,Nature
1912,Above the Dock,/poetsorg/poem/above-dock,T. E. Hulme,Nature
1912,The Embankment,/poetsorg/poem/embankment,T. E. Hulme,Nature
1921,Weeds,/poetsorg/poem/weeds,Edna St. Vincent Millay,Nature
2017,constellation,/poetsorg/poem/constellation,Andrés Montoya,Nature
2003,The Gardener,/poetsorg/poem/gardener,Patricia Hooper,Nature
1921,The Swan,/poetsorg/poem/swan,John Gould Fletcher,Nature
1917,Dawn,/poetsorg/poem/dawn-2,John Gould Fletcher,Nature
2017,Wind,/poetsorg/poem/wind-0,James Arthur,Nature
1997,In the Backyard,/poetsorg/poem/backyard,Patricia Hooper,Nature
1921,Mariposa,/poetsorg/poem/mariposa,Edna St. Vincent Millay,Nature
1921,Elegy Before Death,/poetsorg/poem/elegy-death,Edna St. Vincent Millay,Nature
,On a Succession of Mornings,/poetsorg/poem/succession-mornings,Cathie Sandstrom,Nature
2017,Fungus on Fallen Alder at Lookout Creek,/poetsorg/poem/fungus-fallen-alder-lookout-creek,Ellen Bass,Nature
2017,"To the Cardinal, Attacking His Reflection in the Window",/poetsorg/poem/cardinal-attacking-his-reflection-window,Leah Naomi Green,Nature
2017,Hummingbird,/poetsorg/poem/hummingbird-0,Robin Becker,Nature
1921,Song of a Second April,/poetsorg/poem/song-second-april,Edna St. Vincent Millay,Nature
2012,In Cleaning,/poetsorg/poem/cleaning,Leah Naomi Green,Nature
2014,Venison,/poetsorg/poem/venison,Leah Naomi Green,Nature
2017,"Narration, Transubstantiation ",/poetsorg/poem/narration-transubstantiation,Leah Naomi Green,Nature
1921,Low-Tide,/poetsorg/poem/low-tide,Edna St. Vincent Millay,Nature
1922,Frogs Eat Butterflies. Snakes Eat Frogs. Hogs Eat Snakes. Men Eat Hogs.,/poetsorg/poem/frogs-eat-butterflies-snakes-eat-frogs-hogs-eat-snakes-men-eat-hogs,Wallace Stevens,Nature
1917,"[Immortal?... No,]",/poetsorg/poem/immortal-no,F. S. Flint,Nature
1916,A Baby Running Barefoot,/poetsorg/poem/baby-running-barefoot,D. H. Lawrence,Nature
2017,Summer Haibun,/poetsorg/poem/summer-haibun,Aimee Nezhukumatathil,Nature
2017,Planet,/poetsorg/poem/planet,Catherine Pierce,Nature
1917,The Swan,/poetsorg/poem/swan-0,F. S. Flint,Nature
1917,[The grass is beneath my head],/poetsorg/poem/grass-beneath-my-head,F. S. Flint,Nature
1914,Ts'ai Chi'h,/poetsorg/poem/tsai-chih,Ezra Pound,Nature
2017,Sky Lake Redux,/poetsorg/poem/sky-lake-redux,Michele Wolf,Nature
2017,Field Guide to the Chaparral,/poetsorg/poem/field-guide-chaparral,Leah Naomi Green,Nature
2017,Mångata,/poetsorg/poem/mangata,Cathie Sandstrom,Nature
1916,Storm,/poetsorg/poem/storm-0,H. D.,Nature
1921,Simaetha,/poetsorg/poem/simaetha,H. D.,Nature
1921,Thetis,/poetsorg/poem/thetis,H. D.,Nature
2017,What If the Invader Is Beautiful ,/poetsorg/poem/what-if-invader-beautiful,Louise Mathias,Nature
2017,In the Clearing,/poetsorg/poem/clearing,Patricia Hooper,Nature
1916,Garden,/poetsorg/poem/garden-3,H. D.,Nature
1916,Sea Gods,/poetsorg/poem/sea-gods,H. D.,Nature
1916,Acon,/poetsorg/poem/acon,H. D.,Nature
2017,Rasp,/poetsorg/poem/rasp,Maggie Smith,Nature
2017,Huge Vapours Brood above the Clifted Shore,/poetsorg/poem/huge-vapours-brood-above-clifted-shore,Charlotte Smith,Nature
2017,Leave Something Quiet in Shell of My Ear ,/poetsorg/poem/leave-something-quiet-shell-my-ear,,Nature
2017,The Garden of Eden,/poetsorg/poem/garden-eden,Sandra Simonds,Nature
1862,The Battle Autumn of 1862,/poetsorg/poem/battle-autumn-1862,John Greenleaf Whittier,Nature
1633,Nature,/poetsorg/poem/nature-0,George Herbert,Nature
2017,Amaryllis,/poetsorg/poem/amaryllis,Glenn Mott,Nature
1916,Pea Brush ,/poetsorg/poem/pea-brush,Robert Frost,Nature
2017,The World,/poetsorg/poem/world-0,Christina Rossetti,Nature
2017,Instructions on Not Giving Up,/poetsorg/poem/instructions-not-giving,Ada Limón,Nature
2017,Letter to Someone Living Fifty Years from Now,/poetsorg/poem/letter-someone-living-fifty-years-now,Matthew Olzmann,Nature
1974,Mother Earth: Her Whales ,/poetsorg/poem/mother-earth-her-whales-0,Gary Snyder,Nature
2017,"Ȟe Sápa, One",/poetsorg/poem/he-sapa-one,Layli Long Soldier,Nature
2017,Dead Leaves ,/poetsorg/poem/dead-leaves,Georgia Douglas Johnson,Nature
1899,"[Aye, workman, make me a dream]",/poetsorg/poem/aye-workman-make-me-dream,Stephen Crane,Nature
1846,Lines Composed in a Wood on a Windy Day,/poetsorg/poem/lines-composed-wood-windy-day-0,Anne Brontë,Nature
1916,Sheltered Garden ,/poetsorg/poem/sheltered-garden,H. D.,Nature
2017,Darwinist Logic on Unrequited Love,/poetsorg/poem/darwinist-logic-unrequited-love,Katie Willingham,Nature
1921,Home-Coming,/poetsorg/poem/home-coming,Léonie Adams,Nature
1914,After Ch’u Yuan ,/poetsorg/poem/after-chu-yuan,Ezra Pound,Nature
1917,"O Autumn, Autumn!",/poetsorg/poem/o-autumn-autumn,Effie Lee Newsome,Nature
2016,Earthy Anecdotes ,/poetsorg/poem/earthy-anecdotes-0,Wallace Stevens,Nature
2016,Evergreen,/poetsorg/poem/evergreen,Rob Schlegel,Nature
2016,Leave No Trace,/poetsorg/poem/leave-no-trace,Maggie Dietz,Nature
2016,"Wildfire Moon (Summer, L.A. 2016)",/poetsorg/poem/wildfire-moon-summer-la-2016,Carol Muske-Dukes,Nature
2016,Untitled,/poetsorg/poem/untitled-2,Paul Carroll,Nature
2016,Cattail History,/poetsorg/poem/cattail-history,Noah Warren,Nature
2016,Irony,/poetsorg/poem/irony,Layli Long Soldier,Nature
1996,Battery,/poetsorg/poem/battery,Anne Waldman,Nature
2016,Song,/poetsorg/poem/song-7,Paul Carroll,Nature
2016,Poem for a National Seashore,/poetsorg/poem/poem-national-seashore,Brenda Hillman,Nature
2016,Song ,/poetsorg/poem/song-6,T. S. Eliot,Nature
1913,Sunset,/poetsorg/poem/sunset-0,E. E. Cummings,Nature
2016,Letter to the Northern Lights ,/poetsorg/poem/letter-northern-lights,Aimee Nezhukumatathil,Nature
2016,Ordinary Time,/poetsorg/poem/ordinary-time,Jay Parini,Nature
2016,Some Effects of Global Warming in Lackawanna County,/poetsorg/poem/some-effects-global-warming-lackawanna-county,Jay Parini,Nature
2016,America (Assateague),/poetsorg/poem/america-assateague,Kathleen Graber,Nature
2003,Swan’s Elegy,/poetsorg/poem/swans-elegy,Jaime Manrique,Nature
2016,"I Hear You Call, Pine Tree",/poetsorg/poem/i-hear-you-call-pine-tree,Yone Noguchi,Nature
2016,A Night in the Field,/poetsorg/poem/night-field,Jay Parini,Nature
1921,Medusa,/poetsorg/poem/medusa-1,Louise Bogan,Nature
2016,Breaking Spring,/poetsorg/poem/breaking-spring,Matt Hart,Nature
1980,Blackberry Eating,/poetsorg/poem/blackberry-eating,Galway Kinnell,Nature
1915,The Pasture,/poetsorg/poem/pasture-0,Robert Frost,Nature
1824,To the Moon [fragment],/poetsorg/poem/moon-fragment-0,Percy Bysshe Shelley,Nature
2014,Road at Ache,/poetsorg/poem/road-ache,Kazim Ali,Nature
2016,Coventry Lake ,/poetsorg/poem/coventry-lake,Bruce Cohen,Nature
2016,Pursuit ,/poetsorg/poem/pursuit-0,Elizabeth Bradfield,Nature
1991,Strawberrying,/poetsorg/poem/strawberrying,May Swenson,Nature
1865,I Hid My Love,/poetsorg/poem/i-hid-my-love,John Clare,Nature
2016,A Sunset ,/poetsorg/poem/sunset,Ari Banias ,Nature
1892,"We Two, How Long We Were Fool'd",/poetsorg/poem/we-two-how-long-we-were-foold,Walt Whitman,Nature
1915,Park Going to Sleep,/poetsorg/poem/park-going-sleep,Helen Hoyt,Nature
2016,On Falling (Blue Spruce) ,/poetsorg/poem/falling-blue-spruce,Joanna Klink,Nature
1920,Garden Abstract,/poetsorg/poem/garden-abstract,Hart Crane,Nature
2016,from Offworld,/poetsorg/poem/offworld,Anne Waldman,Nature
1855,"Song of Myself, V",/poetsorg/poem/song-myself-v,Walt Whitman,Nature
1915,The Peddler of Flowers,/poetsorg/poem/peddler-flowers,Amy Lowell,Nature
1916,Mid-Day,/poetsorg/poem/mid-day,H. D.,Nature
2016,Thou in Time,/poetsorg/poem/thou-time,Noah Warren,Nature
2013,Our House,/poetsorg/poem/our-house,Sophie Cabot Black,Nature
2016,Serious Moonlight,/poetsorg/poem/serious-moonlight,Camille Guthrie,Nature
1912,The Wood-pile,/poetsorg/poem/wood-pile,Robert Frost,Nature
1920,The Need of Being Versed in Country Things,/poetsorg/poem/need-being-versed-country-things,Robert Frost,Nature
1918,Binsey Poplars,/poetsorg/poem/binsey-poplars,Gerard Manley Hopkins,Nature
2016,I’m Learning Nothing This Night,/poetsorg/poem/im-learning-nothing-night,Reginald Dwayne Betts,Nature
1912,March Evening ,/poetsorg/poem/march-evening,Amy Lowell,Nature
1920,Putting in the Seed,/poetsorg/poem/putting-seed,Robert Frost,Nature
2015,How the Milky Way Was Made,/poetsorg/poem/how-milky-way-was-made,Natalie Diaz,Nature
1904,The River ,/poetsorg/poem/river,Ralph Waldo Emerson,Nature
1918,The Garden,/poetsorg/poem/garden-1,Lola Ridge,Nature
2016,"Hill Behind Finn’s House, Val Verde, January",/poetsorg/poem/hill-behind-finns-house-val-verde-january,Iris Cushing,Nature
2016,Mud Season,/poetsorg/poem/mud-season,Tess Taylor,Nature
2016,Palo Borracho,/poetsorg/poem/palo-borracho,Chip Livingston,Nature
1918,Moth Moon,/poetsorg/poem/moth-moon,Florence Ripley Mastin,Nature
1983,Remember,/poetsorg/poem/remember-0,Joy Harjo,Nature
,Three Foxes by the Edge of the Field at Twilight,/poetsorg/poem/three-foxes-edge-field-twilight,Jane Hirshfield,Nature
1913,Aware,/poetsorg/poem/aware,D. H. Lawrence,Nature
1916,Sea Violet ,/poetsorg/poem/sea-violet,H. D.,Nature
2016,Fog,/poetsorg/poem/fog-1,Vi Khi Nao ,Nature
1887,Winter Leafage,/poetsorg/poem/winter-leafage,Edith Matilda Thomas,Nature
1899,What the Thrush Said,/poetsorg/poem/what-thrush-said,John Keats,Nature
1839,Autumn,/poetsorg/poem/autumn-4,Henry Wadsworth Longfellow,Nature
1919,Hoar-Frost,/poetsorg/poem/hoar-frost,Amy Lowell,Nature
1870,October,/poetsorg/poem/october-0,Helen Hunt Jackson,Nature
2015,Another of the Happiness Poems,/poetsorg/poem/another-happiness-poems,Peter Cooley,Nature
1895,Mist,/poetsorg/poem/mist,Henry David Thoreau,Nature
2015,Cream City,/poetsorg/poem/cream-city,Margaret Noodin,Nature
2015,"Deer Ode, Tangled & Horned",/poetsorg/poem/deer-ode-tangled-horned,Marcus Wicker,Nature
2015,The Praying Tree,/poetsorg/poem/praying-tree,Melinda Palacio,Nature
2015,Bioluminescence,/poetsorg/poem/bioluminescence,Blake N. Campbell ,Nature
2015,Daughter,/poetsorg/poem/daughter,Jon Pineda,Nature
2015,Hermitage,/poetsorg/poem/hermitage,Joseph Fasano,Nature
2015,"The Sun in Bemidji, Minnesota",/poetsorg/poem/sun-bemidji-minnesota,Sean Hill,Nature
2015,Stridulation Sonnet,/poetsorg/poem/stridulation-sonnet,Jessica Jacobs,Nature
2015,Still Life with Invisible Canoe,/poetsorg/poem/still-life-invisible-canoe,Idra Novey,Nature
2015,Mercy Beach,/poetsorg/poem/mercy-beach,Kamilah Aisha Moon,Nature
2015,Axis Mundi,/poetsorg/poem/axis-mundi,Harriet Levin,Nature
2015,Poem for Beachheads & Briars,/poetsorg/poem/poem-beachheads-briars,Michael Robins,Nature
2015,from “Flying Point”,/poetsorg/poem/%E2%80%9Cflying-point%E2%80%9D,DJ Dolack,Nature
2015,Oystercatchers in Flight,/poetsorg/poem/oystercatchers-flight,Eamon Grennan,Nature
2015,Let Muddy Water Sit and It Grows Clear,/poetsorg/poem/let-muddy-water-sit-and-it-grows-clear,Ted Mathys,Nature
1917,Imagery,/poetsorg/poem/imagery,Archibald MacLeish,Nature
2014,"Upriver, Downstream (audio only)",/poetsorg/poem/upriver-downstream-audio-only,Geffrey Davis,Nature
2013,Atlas Peak (audio only),/poetsorg/poem/atlas-peak-audio-only,Brian Teare,Nature
2013,Little Errand,/poetsorg/poem/little-errand,Brian Teare,Nature
2015,"Achingly Beautiful How the Sky Blooms Umber at the End of the Day, Through the Canopy ",/poetsorg/poem/achingly-beautiful-how-sky-blooms-umber-end-day-through-canopy,Gabrielle Calvocoressi,Nature
2015,first green flare,/poetsorg/poem/first-green-flare,Sidney Wade,Nature
2013,Tall Flatsedge Notebook (audio only),/poetsorg/poem/tall-flatsedge-notebook-audio-only,Brian Teare,Nature
2013,Largo,/poetsorg/poem/largo,Brian Teare,Nature
2015,Field in Spring,/poetsorg/poem/field-spring,Susan Stewart,Nature
1896,By the Stream,/poetsorg/poem/stream,Paul Laurence Dunbar,Nature
2012,from Skin Horse,/poetsorg/poem/skin-horse,Oliva Cronk,Nature
1915,The Vantage Point ,/poetsorg/poem/vantage-point,Robert Frost,Nature
1917,Deep in the Quiet Wood,/poetsorg/poem/deep-quiet-wood,James Weldon Johnson,Nature
1921,A Gift,/poetsorg/poem/gift-3,Leonora Speyer,Nature
2015,Strike-Slip,/poetsorg/poem/strike-slip,Arthur Sze,Nature
1845,Patience Taught by Nature,/poetsorg/poem/patience-taught-nature,Elizabeth Barrett Browning,Nature
2015,They Sail Across the Mirrored Sea,/poetsorg/poem/they-sail-across-mirrored-sea,Wendy Chen,Nature
1817,On the Grasshopper and Cricket,/poetsorg/poem/grasshopper-and-cricket,John Keats,Nature
1863,Within the Circuit of this Plodding Life,/poetsorg/poem/within-circuit-plodding-life,Henry David Thoreau,Nature
2014,When the Year Grows Old,/poetsorg/poem/when-year-grows-old,Edna St. Vincent Millay,Nature
1916,At the Window,/poetsorg/poem/window-1,D. H. Lawrence,Nature
2014,All That Is Limitless,/poetsorg/poem/all-limitless,Hannah Gamble,Nature
2014,Imaginary Waterfall,/poetsorg/poem/imaginary-waterfall,C. D. Wright,Nature
2014,Never,/poetsorg/poem/never,Chase Twichell,Nature
1854,Inscription for the Entrance to a Wood,/poetsorg/poem/inscription-entrance-wood,William Cullen Bryant,Nature
2014,"Housesitting, Boston, ",/poetsorg/poem/housesitting-boston,Tony Trigilio,Nature
1998,Indian Summer Ritual,/poetsorg/poem/indian-summer-ritual,Alma Luz Villanueva,Nature
2014,"For the Lobaria, Usnea, Witches Hair, Map Lichen, Beard Lichen, Ground Lichen, Shield Lichen",/poetsorg/poem/lobaria-usnea-witches-hair-map-lichen-beard-lichen-ground-lichen-shield-lichen,Jane Hirshfield,Nature
2014,"from ""3 Bewildered Landscapes”",/poetsorg/poem/3-bewildered-landscapes%E2%80%9D,Joanna Klink,Nature
1915,To the Thawing Wind,/poetsorg/poem/thawing-wind,Robert Frost,Nature
2014,To an Old Square Piano,/poetsorg/poem/old-square-piano,Robinson Jeffers,Nature
2014,The Forest Formed Gills,/poetsorg/poem/forest-formed-gills,Eric Baus,Nature
2014,Our Daily Becoming,/poetsorg/poem/our-daily-becoming,Adam Clay,Nature
2014,The Fire,/poetsorg/poem/fire,Katie Ford,Nature
2014,The Past,/poetsorg/poem/past-1,Louise Glück,Nature
2014,Because the Red Osier Dogwood,/poetsorg/poem/because-red-osier-dogwood,Hyam Plutzik,Nature
2014,Canticle,/poetsorg/poem/canticle,William Griffith,Nature
2014,Sea and Rain: Lake Michigan,/poetsorg/poem/sea-and-rain-lake-michigan,Keith Taylor,Nature
2014,From Tanka Diary,/poetsorg/poem/tanka-diary,Harryette Mullen,Nature
2014,Let’s Get Out of Here,/poetsorg/poem/let%E2%80%99s-get-out-here,Corey Zeller,Nature
2014,Corruptive,/poetsorg/poem/corruptive,Olena Kalytiak Davis,Nature
2014,If the ocean had a mouth,/poetsorg/poem/if-ocean-had-mouth,Marie-Elizabeth Mali,Nature
2014,The Barnacle and the Gray Whale,/poetsorg/poem/barnacle-and-gray-whale,Cecilia Llompart,Nature
2014,The Life So Short...,/poetsorg/poem/life-so-short,Eamon Grennan,Nature
2014,"Star in the Throat, Fire in the Cupboard",/poetsorg/poem/star-throat-fire-cupboard,Catie Rosemurgy,Nature
2014,Past Inclemency & Present Warmth,/poetsorg/poem/past-inclemency-present-warmth,Eryn Green,Nature
2014,"Forth Into View, Random Warriors",/poetsorg/poem/forth-view-random-warriors,Pattiann Rogers,Nature
2014,Song for Future Books,/poetsorg/poem/song-future-books,Joanna Fuhrman,Nature
2014,Today A Rainstorm Caught Me,/poetsorg/poem/today-rainstorm-caught-me,Matt Hart,Nature
2013,Amethyst Beads,/poetsorg/poem/amethyst-beads,Eavan Boland,Nature
2013,Hotel Couplets,/poetsorg/poem/hotel-couplets,Lisa Robertson,Nature
2013,The Bride Tree Can't Be Read,/poetsorg/poem/bride-tree-cant-be-read,Brenda Hillman,Nature
2013,[I'm not with my],/poetsorg/poem/im-not-my,Joshua Beckman,Nature
2013,Muffin of Sunsets,/poetsorg/poem/muffin-sunsets,Elaine Equi,Nature
2013,"Corpse Flower, Luna Moth",/poetsorg/poem/corpse-flower-luna-moth,Daniel Tobin,Nature
2013,The Parallel Cathedral,/poetsorg/poem/parallel-cathedral,Tom Sleigh,Nature
2014,Crisscross,/poetsorg/poem/crisscross,Arthur Sze,Nature
2013,A blurry photograph,/poetsorg/poem/blurry-photograph,Martha Ronk,Nature
2013,Field,/poetsorg/poem/field,Erin Belieu,Nature
2013,Belong To,/poetsorg/poem/belong,David Baker,Nature
2013,Detail of the Hayfield,/poetsorg/poem/detail-hayfield,Richard Siken,Nature
2013,A Love,/poetsorg/poem/love-2,Lorenzo Calogero,Nature
2012,True Faith,/poetsorg/poem/true-faith,Joseph Lease,Nature
2012,The Chair,/poetsorg/poem/chair,Sandy Florian,Nature
2013,My Lady Is Compared to a Young Tree,/poetsorg/poem/my-lady-compared-young-tree,Vachel Lindsay,Nature
2013,Somewhere between here and Belen,/poetsorg/poem/somewhere-between-here-and-belen,Jay Wright,Nature
2013,How We Found Our Way,/poetsorg/poem/how-we-found-our-way,Matthew Thorburn,Nature
2012,Pavilion of Leaves,/poetsorg/poem/pavilion-leaves,Matthew Rohrer,Nature
2012,Characteristics of Life,/poetsorg/poem/characteristics-life,Camille T. Dungy,Nature
2012,Big Game,/poetsorg/poem/big-game,Brenda Shaughnessy,Nature
2012,Subjects [excerpt],/poetsorg/poem/subjects-excerpt,Caroline Knox,Nature
2012,Morning Antlers,/poetsorg/poem/morning-antlers,Arthur Sze,Nature
2012,Hustlers with Bad Timing,/poetsorg/poem/hustlers-bad-timing,D. A. Powell,Nature
2012,There are these moments of permission,/poetsorg/poem/there-are-these-moments-permission,Camille T. Dungy,Nature
2012,The Man Who Rode the Mule Around the World,/poetsorg/poem/man-who-rode-mule-around-world,Jordan Davis,Nature
2012,The Thousand Somethings of Someone,/poetsorg/poem/thousand-somethings-someone,Forrest Gander,Nature
2012,Blue Palestine,/poetsorg/poem/blue-palestine,Ariana Reines,Nature
2012,Another Rehearsal for Morning,/poetsorg/poem/another-rehearsal-morning,Joseph Massey,Nature
2012,Gold River Neck Riddle,/poetsorg/poem/gold-river-neck-riddle,Catie Rosemurgy,Nature
2012,Poem dedicated to Spatola,/poetsorg/poem/poem-dedicated-spatola,Amelia Rosselli,Nature
2012,In a Blue Wood,/poetsorg/poem/blue-wood,Richard Levine,Nature
2012,And the Intrepid Anthurium,/poetsorg/poem/and-intrepid-anthurium,Pura López-Colomé,Nature
2012,Willow,/poetsorg/poem/willow,Jane Shore,Nature
2011,Horoscope,/poetsorg/poem/horoscope,Maureen N. McLane,Nature
2012,Gather,/poetsorg/poem/gather,Rose McLarney,Nature
2012,Pacific Slope,/poetsorg/poem/pacific-slope,Stephen Motika,Nature
2012,Horses at Midnight Without a Moon,/poetsorg/poem/horses-midnight-without-moon,Jack Gilbert,Nature
2011,The Woods in Concord,/poetsorg/poem/woods-concord,Seth Abramson,Nature
2011,Postcard from Rockport,/poetsorg/poem/postcard-rockport,April Lindner,Nature
2011,Year of the Amateur,/poetsorg/poem/year-amateur,Cathy Park Hong,Nature
2011,Goddess of Maple at Evening,/poetsorg/poem/goddess-maple-evening,Chard deNiord,Nature
2011,Exoskeletal Gesture,/poetsorg/poem/exoskeletal-gesture,Eric Baus,Nature
2011,The Process,/poetsorg/poem/process,Joseph Massey,Nature
2011,Man in Stream,/poetsorg/poem/man-stream,Rosanna Warren,Nature
2011,Back in Seaside,/poetsorg/poem/back-seaside,Shanna Compton,Nature
2011,Verguenza,/poetsorg/poem/verguenza,Rachel Eliza Griffiths,Nature
2011,Wolf Cento,/poetsorg/poem/wolf-cento,Simone Muench,Nature
2011,Woman Waving to Trees,/poetsorg/poem/woman-waving-trees,Dorothea Tanning,Nature
2011,At the Equinox,/poetsorg/poem/equinox-0,Arthur Sze,Nature
2011,The Libraries Didn't Burn,/poetsorg/poem/libraries-didnt-burn,Elaine Equi,Nature
2010,Enough,/poetsorg/poem/enough,Jeffrey Harrison,Nature
2010,"Death, Is All",/poetsorg/poem/death-all,Ana Božičević,Nature
2010,Tornado (audio only),/poetsorg/poem/tornado-audio-only,Dorothea Lasky,Nature
2010,NIGHTMORNINGSKY,/poetsorg/poem/nightmorningsky,Peter Cooley,Nature
2010,Zerogarden,/poetsorg/poem/zerogarden,Andrew Zawacki,Nature
2010,The Undertow,/poetsorg/poem/undertow,Sasha Steensen,Nature
2010,Spell for Encanto Creek,/poetsorg/poem/spell-encanto-creek,Mark Jarman,Nature
2010,December Moon,/poetsorg/poem/december-moon,Brenda Hillman,Nature
2010,Translating Garcia Lorca,/poetsorg/poem/translating-garcia-lorca,Mark Statman,Nature
2010,All Times and All Tenses in this Moment,/poetsorg/poem/all-times-and-all-tenses-moment,Mary Szybist,Nature
2010,Vertical,/poetsorg/poem/vertical,Linda Pastan,Nature
2010,Crannog,/poetsorg/poem/crannog,Moya Cannon,Nature
2010,Lost,/poetsorg/poem/lost,Stephen Dobyns,Nature
2009,Ashore,/poetsorg/poem/ashore,Ernest Hilbert,Nature
2010,Green Shade,/poetsorg/poem/green-shade,Henri Cole,Nature
2010,MacDowell,/poetsorg/poem/macdowell,Rachel Wetzsteon,Nature
2010,Fireflies,/poetsorg/poem/fireflies,Fred Chappell,Nature
2010,Robert Harms Paints the Surface of Little Fresh Pond,/poetsorg/poem/robert-harms-paints-surface-little-fresh-pond,Mark Doty,Nature
2009,For-The-Spirits-Who-Have-Rounded-The-Bend IIVAQSAAT,/poetsorg/poem/spirits-who-have-rounded-bend-iivaqsaat,dg nanouk okpik,Nature
2009,Where Man Is in His Whole,/poetsorg/poem/where-man-his-whole,Hannah Zeavin,Nature
2009,Electricity,/poetsorg/poem/electricity,Geoffrey Nutter,Nature
2008,The Supple Deer,/poetsorg/poem/supple-deer,Jane Hirshfield,Nature
2008,Five Directions to My House,/poetsorg/poem/five-directions-my-house,Juan Felipe Herrera,Nature
2008,Pastoral,/poetsorg/poem/pastoral,Jennifer Chang,Nature
2009,from Manatee/Humanity [1],/poetsorg/poem/manateehumanity-1,Anne Waldman,Nature
2009,Hunger,/poetsorg/poem/hunger,Sarah Gambito,Nature
2008,Crossings,/poetsorg/poem/crossings,Ravi Shankar,Nature
2008,Kelp,/poetsorg/poem/kelp,Jeffrey Yang,Nature
2007,Russian Birch,/poetsorg/poem/russian-birch,Nathaniel Bellows,Nature
2007,In Michael Robins's class minus one,/poetsorg/poem/michael-robinss-class-minus-one,Bob Hicok,Nature
2006,A Poem,/poetsorg/poem/poem-1,Robert Creeley,Nature
2004,October (section I),/poetsorg/poem/october-section-i,Louise Glück,Nature
2003,Blankets of Bark,/poetsorg/poem/blankets-bark,Sherwin Bitsui,Nature
2003,There Will Come Soft Rains,/poetsorg/poem/there-will-come-soft-rains,Sara Teasdale,Nature
2007,Shaking the Grass,/poetsorg/poem/shaking-grass,Janice N. Harrington,Nature
2006,The Night Migrations,/poetsorg/poem/night-migrations,Louise Glück,Nature
2004,The Potato,/poetsorg/poem/potato,Joseph Stroud,Nature
1999,At Shark Reef Sanctuary,/poetsorg/poem/shark-reef-sanctuary,Eva Alice Counsell,Nature
2001,The City of God,/poetsorg/poem/city-god,David Baker,Nature
1999,Naskeag,/poetsorg/poem/naskeag,Alfred Corn,Nature
1998,Here,/poetsorg/poem/here-0,Arthur Sze,Nature
1994,Butterfly Catcher,/poetsorg/poem/butterfly-catcher,Tina Cane,Nature
1986,The Leaves,/poetsorg/poem/leaves,Deborah Digges,Nature
1985,Kentucky River Junction,/poetsorg/poem/kentucky-river-junction,Wendell Berry,Nature
1998,The Shapes of Leaves,/poetsorg/poem/shapes-leaves,Arthur Sze,Nature
1998,The Owl,/poetsorg/poem/owl,Arthur Sze,Nature
1993,"The Lorca Variations (I) ""Lorca's Spain: A Homage""",/poetsorg/poem/lorca-variations-i-lorcas-spain-homage,Jerome Rothenberg,Nature
1986,Fall,/poetsorg/poem/fall,Edward Hirsch,Nature
1984,Fish Fucking,/poetsorg/poem/fish-fucking,Michael Blumenthal,Nature
1983,February: The Boy Breughel,/poetsorg/poem/february-boy-breughel,Norman Dubie,Nature
1968,Four Poems for Robin,/poetsorg/poem/four-poems-robin,Gary Snyder,Nature
1956,maggie and milly and molly and may,/poetsorg/poem/maggie-and-milly-and-molly-and-may,E. E. Cummings,Nature
1951,To make a prairie (1755),/poetsorg/poem/make-prairie-1755,Emily Dickinson,Nature
1923,Nothing Gold Can Stay,/poetsorg/poem/nothing-gold-can-stay,Robert Frost,Nature
1968,The Dragonfly (audio only),/poetsorg/poem/dragonfly-audio-only,Louise Bogan,Nature
1964,"Lying in a Hammock at William Duffy's Farm in Pine Island, Minnesota (audio only)",/poetsorg/poem/lying-hammock-william-duffys-farm-pine-island-minnesota-audio-only,James Wright,Nature
1956,The River-Merchant's Wife: A Letter,/poetsorg/poem/river-merchants-wife-letter,Ezra Pound,Nature
1926,In a Station of the Metro,/poetsorg/poem/station-metro,Ezra Pound,Nature
1923,Escape,/poetsorg/poem/escape-0,Elinor Wylie,Nature
1923,Earthy Anecdotes,/poetsorg/poem/earthy-anecdotes,Wallace Stevens,Nature
1922,Vision,/poetsorg/poem/vision-0,Robert Penn Warren,Nature
1922,The Magpie's Shadow,/poetsorg/poem/magpies-shadow,Yvor Winters,Nature
,Monody to the Sound of Zithers,/poetsorg/poem/monody-sound-zithers,Kay Boyle,Nature
1921,The Prairie Town,/poetsorg/poem/prairie-town,Helen Santmyer,Nature
1922,Elders,/poetsorg/poem/elders,Louise Bogan,Nature
1922,Sonnet,/poetsorg/poem/sonnet-3,Alice Dunbar-Nelson,Nature
1922,Summer Morn in New Hampshire,/poetsorg/poem/summer-morn-new-hampshire,Claude McKay,Nature
2013,Atavism,/poetsorg/poem/atavism,Elinor Wylie,Nature
1921,Two Sewing,/poetsorg/poem/two-sewing,Hazel Hall,Nature
1920,Farewell,/poetsorg/poem/farewell,John Clare,Nature
1920,Conversation Galante,/poetsorg/poem/conversation-galante,T. S. Eliot,Nature
1920,Austerity,/poetsorg/poem/austerity,Janet Loxley Lewis,Nature
1918,Pied Beauty,/poetsorg/poem/pied-beauty,Gerard Manley Hopkins,Nature
1917,Flood,/poetsorg/poem/flood-1,James Joyce,Nature
1920,Spring in New Hampshire,/poetsorg/poem/spring-new-hampshire,Claude McKay,Nature
1920,Morning Song,/poetsorg/poem/morning-song-1,Sara Teasdale,Nature
1918,Déjeuner Sur L’Herbe,/poetsorg/poem/d%C3%A9jeuner-sur-l%E2%80%99herbe,Edith Sitwell,Nature
1918,Spring,/poetsorg/poem/spring,Gerard Manley Hopkins,Nature
1917,Smell,/poetsorg/poem/smell,William Carlos Williams,Nature
1917,La Figlia Che Piange,/poetsorg/poem/la-figlia-che-piange,T. S. Eliot,Nature
1916,Pursuit ,/poetsorg/poem/pursuit,H. D.,Nature
1916,The Oven-Bird,/poetsorg/poem/oven-bird,Robert Frost,Nature
1916,Sea Poppies,/poetsorg/poem/sea-poppies,H. D.,Nature
1915,Mowing,/poetsorg/poem/mowing,Robert Frost,Nature
1916,Images,/poetsorg/poem/images,Richard Aldington,Nature
1916,A Love Song,/poetsorg/poem/love-song,William Carlos Williams,Nature
1916,Juan Higera Creek,/poetsorg/poem/juan-higera-creek,Robinson Jeffers,Nature
1915,Blueberries,/poetsorg/poem/blueberries,Robert Frost,Nature
1913,Trees,/poetsorg/poem/trees,Joyce Kilmer,Nature
1913,In the Evening,/poetsorg/poem/evening-1,Fenton Johnson,Nature
1912,God's World,/poetsorg/poem/gods-world,Edna St. Vincent Millay,Nature
1909,A Jelly-Fish,/poetsorg/poem/jelly-fish,Marianne Moore,Nature
1904,The Wind and the Moon,/poetsorg/poem/wind-and-moon,George Macdonald,Nature
1900,The Darkling Thrush,/poetsorg/poem/darkling-thrush,Thomas Hardy,Nature
1913,Prairie Spring,/poetsorg/poem/prairie-spring,Willa Cather,Nature
,The Dreamer,/poetsorg/poem/dreamer,Djuna Barnes,Nature
1906,There may be chaos still around the world,/poetsorg/poem/there-may-be-chaos-still-around-world,George Santayana,Nature
1903,Summer in the South,/poetsorg/poem/summer-south,Paul Laurence Dunbar,Nature
1898,My Brook,/poetsorg/poem/my-brook,Helen Hay Whitney,Nature
1897,They Lived Enamoured of the Lovely Moon,/poetsorg/poem/they-lived-enamoured-lovely-moon,Trumbull Stickney,Nature
1895,Closed,/poetsorg/poem/closed,Elizabeth Drew Stoddard,Nature
1893,Summer Past,/poetsorg/poem/summer-past,John Gray,Nature
1891,A Day,/poetsorg/poem/day-2,Emily Dickinson,Nature
1890,The Lake Isle of Innisfree,/poetsorg/poem/lake-isle-innisfree,W. B. Yeats,Nature
1896,Loveliest of Trees,/poetsorg/poem/loveliest-trees,A. E. Housman,Nature
1895,The Thaw,/poetsorg/poem/thaw,Henry David Thoreau,Nature
1891,A Windflower,/poetsorg/poem/windflower,Lizette Woodworth Reese,Nature
1890,Two Butterflies went out at Noon— (533),/poetsorg/poem/two-butterflies-went-out-noon%E2%80%94-533,Emily Dickinson,Nature
1887,August,/poetsorg/poem/august-0,Lizette Woodworth Reese,Nature
1886,January,/poetsorg/poem/january-2,Helen Hunt Jackson,Nature
1873,A Bird Song,/poetsorg/poem/bird-song,Christina Rossetti,Nature
1867,Song of Nature,/poetsorg/poem/song-nature,Ralph Waldo Emerson,Nature
1867,Water,/poetsorg/poem/water-0,Ralph Waldo Emerson,Nature
1847,Evangeline [excerpt],/poetsorg/poem/evangeline-excerpt,Henry Wadsworth Longfellow,Nature
1875,Today We Make the Poet's Words Our Own,/poetsorg/poem/today-we-make-poets-words-our-own,Henry Wadsworth Longfellow,Nature
1870,Poppies on the Wheat,/poetsorg/poem/poppies-wheat,Helen Hunt Jackson,Nature
1867,Spontaneous Me,/poetsorg/poem/spontaneous-me,Walt Whitman,Nature
1854,What's the railroad to me?,/poetsorg/poem/whats-railroad-me,Henry David Thoreau,Nature
1844,No!,/poetsorg/poem/no,Thomas Hood,Nature
1839,The Clouded Morning,/poetsorg/poem/clouded-morning,Jones Very,Nature
1825,Work Without Hope,/poetsorg/poem/work-without-hope,Samuel Taylor Coleridge,Nature
1816,Mutability,/poetsorg/poem/mutability,Percy Bysshe Shelley,Nature
1807,My Heart Leaps Up,/poetsorg/poem/my-heart-leaps,William Wordsworth,Nature
1807,Ode on Intimations of Immortality from Recollections of Early Childhood,/poetsorg/poem/ode-intimations-immortality-recollections-early-childhood,William Wordsworth,Nature
1832,The Gladness of Nature,/poetsorg/poem/gladness-nature,William Cullen Bryant,Nature
1820,Ode to the West Wind,/poetsorg/poem/ode-west-wind,Percy Bysshe Shelley,Nature
1816,Kubla Khan,/poetsorg/poem/kubla-khan,Samuel Taylor Coleridge,Nature
1807,[I wandered lonely as a Cloud],/poetsorg/poem/i-wandered-lonely-cloud,William Wordsworth,Nature
1798,"Lines Composed a Few Miles above Tintern Abbey, on Revisiting the Banks of the Wye During a Tour, July 13, 1798",/poetsorg/poem/lines-composed-few-miles-above-tintern-abbey-revisiting-banks-wye-during-tour-july-13,William Wordsworth,Nature
1653,Of Many Worlds in This World,/poetsorg/poem/many-worlds-world,Margaret Cavendish,Nature
1598,"Love's Labour's Lost, Act V, Scene 2 [Winter]",/poetsorg/poem/loves-labours-lost-act-v-scene-2-winter,William Shakespeare,Nature
1640,The Noble Nature,/poetsorg/poem/noble-nature,Ben Jonson,Nature
1596,"A Midsummer Night's Dream, Act II, Scene I [Over hill, over dale]",/poetsorg/poem/midsummer-nights-dream-act-ii-scene-i-over-hill-over-dale,William Shakespeare,Nature
